<?xml version="1.1" encoding="UTF-8"?>
<current>
    <city id="3163858" name="Zocca">
        <coord>
            <lon>10.99</lon>
            <lat>44.34</lat>
        </coord>
        <country>IT</country>
        <sun rise="2022-08-30T04:36:27" set="2022-08-30T17:57:28" />
    </city>
    <temperature value="27" min="22" max="30" unit="celsius" />
    <wind>
        <speed value="0.62" unit="meter-second"/>
        <direction value="349" code="North" />
    </wind>
    <lastupdate value="2022-08-30T14:45:57" />
</current>